{
  "instance_type": "c7i.4xlarge",
  "cpu_cores": 16,
  "memory_gb": 30,
  "timestamp": "2025-08-14T00:00:10Z",
  "proving_times": {
    "snarkjs": 45.62303628677999,
    "rapidsnark": 20.172061665039998,
    "noir": 1.1428843901399999,
    "gnark": 3.71719844916
  },
  "gas_costs": {
    "snarkjs": 258627,
    "rapidsnark": 258627,
    "noir": 2388353,
    "gnark": 350286
  },
  "raw_data": {
    "snarkjs": {
      "proving_times": [45.75675631468,45.86740286368,45.73349868768,45.64511873968,45.97196588068,45.72762755068,45.23984313868,45.43663671968,45.27000272368,45.58151024868],
      "gas_costs": [258620,258620,258665,258620,258620,258620,258642,258621,258643,258599]
    },
    "rapidsnark": {
      "proving_times": [20.155355697439997,20.23695106944,20.18253948244,20.13985100444,20.17954188144,20.03550876844,20.17332996244,20.15310022144,20.45106032244,20.013378240439998],
      "gas_costs": [258620,258620,258665,258620,258620,258620,258642,258621,258643,258599]
    },
    "noir": {
      "proving_times": [1.12554362014,1.1472677871399999,1.15232234714,1.15621769814,1.14497228514,1.1575346981399999,1.15357873414,1.14962451814,1.11429070714,1.12749150614],
      "gas_costs": [2388346,2388325,2388346,2388391,2388346,2388346,2388346,2388368,2388347,2388369]
    },
    "gnark": {
      "proving_times": [3.70867142756,3.72650141756,3.71749539856,3.71807656456,3.71505806056,3.70736623556,3.72324283156,3.71802563156,3.7193319375600002,3.71821498656],
      "gas_costs": [350279,350279,350324,350279,350279,350279,350301,350280,350302,350258]
    }
  }
}
