{
  "instance_type": "c7g.xlarge",
  "cpu_cores": 4,
  "memory_gb": 7,
  "timestamp": "2025-08-13T23:59:54Z",
  "proving_times": {
    "noir": 2.1444969479,
    "gnark": 13.955219209700001
  },
  "gas_costs": {
    "noir": 2388353,
    "gnark": 350286
  },
  "raw_data": {
    "noir": {
      "proving_times": [2.1430948793,2.1470609423,2.1450357393,2.1449488903,2.1406084223,2.1437582853,2.1480060552999998,2.1437757653,2.1425176993,2.1461628003],
      "gas_costs": [2388346,2388325,2388346,2388391,2388346,2388346,2388346,2388368,2388347,2388369]
    },
    "gnark": {
      "proving_times": [13.944359628399999,13.9276490314,13.9648866894,13.9768679354,13.9810861584,13.976500910399999,13.9580837444,13.9367376924,13.960372653399999,13.925647653399999],
      "gas_costs": [350279,350279,350324,350279,350279,350279,350301,350280,350302,350258]
    }
  }
}
