{
  "instance_type": "c7i.8xlarge",
  "cpu_cores": 32,
  "memory_gb": 61,
  "timestamp": "2025-08-14T00:00:17Z",
  "proving_times": {
    "snarkjs": 38.719462293220005,
    "rapidsnark": 14.046410226059999,
    "noir": 1.02144748496,
    "gnark": 2.4786018806
  },
  "gas_costs": {
    "snarkjs": 258627,
    "rapidsnark": 258627,
    "noir": 2388353,
    "gnark": 350286
  },
  "raw_data": {
    "snarkjs": {
      "proving_times": [38.46069622112,38.525197859120006,38.74004644512,38.57070998012,38.867959931120005,39.074506161120006,38.86517707912,38.450025996120004,38.62323346512,39.017069794120005],
      "gas_costs": [258620,258620,258665,258620,258620,258620,258642,258621,258643,258599]
    },
    "rapidsnark": {
      "proving_times": [14.01146427776,13.94829310876,13.89101392276,14.093214185759999,14.14533105076,14.03449811376,14.03799464076,14.18354779676,14.046849564759999,14.07189559876],
      "gas_costs": [258620,258620,258665,258620,258620,258620,258642,258621,258643,258599]
    },
    "noir": {
      "proving_times": [1.01839771676,1.02693601376,1.01714111176,1.0072821917600001,1.0162382217600001,1.01870525076,1.03637903476,1.02649589076,1.02995835776,1.01694105976],
      "gas_costs": [2388346,2388325,2388346,2388391,2388346,2388346,2388346,2388368,2388347,2388369]
    },
    "gnark": {
      "proving_times": [2.4709217577,2.4916505477,2.4646040367,2.4809517467,2.4753167207,2.4853033777,2.4896549287,2.4647801637,2.4768536457,2.4859818807000003],
      "gas_costs": [350279,350279,350324,350279,350279,350279,350301,350280,350302,350258]
    }
  }
}
