{
  "instance_type": "c7g.xlarge",
  "cpu_cores": 4,
  "memory_gb": 7,
  "timestamp": "2025-07-08T23:09:34Z",
  "proving_times": {
    "noir": 2.1472854929199996,
    "gnark": 13.916982338619999
  },
  "gas_costs": {
    "noir": 2396575,
    "gnark": 407664
  },
  "raw_data": {
    "noir": {
      "proving_times": [2.14810199812,2.1528447421199997,2.14445192012,2.1482925751199997,2.1418175211199997,2.14790800712,2.1523381961199997,2.14625769312,2.14327496012,2.14756731612],
      "gas_costs": [2396568,2396547,2396568,2396613,2396568,2396568,2396568,2396590,2396569,2396591]
    },
    "gnark": {
      "proving_times": [13.93612189282,13.914855899820001,13.94731058482,13.89300457182,13.95726018282,13.88551886782,13.90263682782,13.92136740382,13.92395442382,13.88779273082],
      "gas_costs": [407657,407657,407702,407657,407657,407657,407679,407658,407680,407636]
    }
  }
}
