{
  "instance_type": "c7i.8xlarge",
  "cpu_cores": 32,
  "memory_gb": 61,
  "timestamp": "2025-07-08T23:09:59Z",
  "proving_times": {
    "snarkjs": 40.63237847568,
    "rapidsnark": 15.019650711299999,
    "noir": 1.07206384186,
    "gnark": 2.6523428802200004
  },
  "gas_costs": {
    "snarkjs": 347665,
    "rapidsnark": 347665,
    "noir": 2396575,
    "gnark": 407664
  },
  "raw_data": {
    "snarkjs": {
      "proving_times": [40.41968657158,40.697607089579996,40.324787817579995,40.75860053558,40.59706385558,40.85209331958,40.73103669658,40.84066202158,40.36371075158,40.738536097579995],
      "gas_costs": [347658,347658,347703,347658,347658,347658,347680,347659,347681,347637]
    },
    "rapidsnark": {
      "proving_times": [15.069437287500001,15.0138582035,14.9802703635,15.0431085795,14.9965674695,14.947393915500001,15.0663613175,15.0816373615,15.021323178500001,14.976549436500001],
      "gas_costs": [347658,347658,347703,347658,347658,347658,347680,347659,347681,347637]
    },
    "noir": {
      "proving_times": [1.08247345866,1.05137476066,1.07730903966,1.07213976766,1.0710507626599999,1.05291555966,1.0817901456599999,1.07948152866,1.0784797606599998,1.0736236346599999],
      "gas_costs": [2396568,2396547,2396568,2396613,2396568,2396568,2396568,2396590,2396569,2396591]
    },
    "gnark": {
      "proving_times": [2.67573570672,2.64006220472,2.67496755472,2.6384917797200003,2.62236815272,2.66761958472,2.64478071272,2.64756552572,2.63854337572,2.67329420472],
      "gas_costs": [407657,407657,407702,407657,407657,407657,407679,407658,407680,407636]
    }
  }
}
