{
  "instance_type": "c7i.4xlarge",
  "cpu_cores": 16,
  "memory_gb": 30,
  "timestamp": "2025-07-08T23:09:51Z",
  "proving_times": {
    "snarkjs": 47.430170813279986,
    "rapidsnark": 20.81957746546,
    "noir": 1.18555197242,
    "gnark": 3.8262640788599995
  },
  "gas_costs": {
    "snarkjs": 347665,
    "rapidsnark": 347665,
    "noir": 2396575,
    "gnark": 407664
  },
  "raw_data": {
    "snarkjs": {
      "proving_times": [47.780341769879996,47.13618954488,47.358698453879995,47.356434382879996,47.63945699488,47.232630507879996,47.85450412188,46.98190715888,47.41900815488,47.54253704288],
      "gas_costs": [347658,347658,347703,347658,347658,347658,347680,347659,347681,347637]
    },
    "rapidsnark": {
      "proving_times": [20.70145462776,20.45944932376,20.83048219076,20.52348924676,20.85537987776,20.94165164676,20.951888372760003,20.931908930760002,20.97260426176,21.02746617576],
      "gas_costs": [347658,347658,347703,347658,347658,347658,347680,347659,347681,347637]
    },
    "noir": {
      "proving_times": [1.18265384562,1.21400640662,1.18112293062,1.17880525162,1.1678913506200002,1.18961485462,1.19028764362,1.19242059362,1.18028763262,1.17842921462],
      "gas_costs": [2396568,2396547,2396568,2396613,2396568,2396568,2396568,2396590,2396569,2396591]
    },
    "gnark": {
      "proving_times": [3.82856873656,3.81407811956,3.81945221556,3.81739163956,3.80889993356,3.8065563655599997,3.84711649456,3.85021648656,3.8228763785599997,3.8474844185599997],
      "gas_costs": [407657,407657,407702,407657,407657,407657,407679,407658,407680,407636]
    }
  }
}
