{
  "instance_type": "c7i.2xlarge",
  "cpu_cores": 8,
  "memory_gb": 15,
  "timestamp": "2025-07-08T23:09:43Z",
  "proving_times": {
    "snarkjs": 65.4762419474,
    "rapidsnark": 38.73767164872,
    "noir": 1.61492108392,
    "gnark": 7.289945935940001
  },
  "gas_costs": {
    "snarkjs": 347665,
    "rapidsnark": 347665,
    "noir": 2396575,
    "gnark": 407664
  },
  "raw_data": {
    "snarkjs": {
      "proving_times": [67.1328740538,67.2107621278,66.6042905428,65.9390475768,66.4267756568,63.9047123488,64.3606448088,64.4107631838,64.4453919988,64.3271571758],
      "gas_costs": [347658,347658,347703,347658,347658,347658,347680,347659,347681,347637]
    },
    "rapidsnark": {
      "proving_times": [38.575549384720006,38.907539062720005,38.574148554720004,38.96028088972,38.594513103720004,38.846957968720005,38.44721730372,38.797350947720005,38.54983062872,39.123328642720004],
      "gas_costs": [347658,347658,347703,347658,347658,347658,347680,347659,347681,347637]
    },
    "noir": {
      "proving_times": [1.6404734759200001,1.6125916809199998,1.60824960192,1.61778672992,1.60696622692,1.61486531992,1.61956119292,1.6141940559199999,1.60139126092,1.61313129392],
      "gas_costs": [2396568,2396547,2396568,2396613,2396568,2396568,2396568,2396590,2396569,2396591]
    },
    "gnark": {
      "proving_times": [7.315634865340001,7.27192254834,7.28118618434,7.279508697340001,7.298953544340001,7.30455994434,7.30045139334,7.27219545634,7.286460170340001,7.28858655534],
      "gas_costs": [407657,407657,407702,407657,407657,407657,407679,407658,407680,407636]
    }
  }
}
