{
  "instance_type": "t4g.medium",
  "cpu_cores": 2,
  "memory_gb": 3,
  "timestamp": "2025-07-08T23:10:06Z",
  "proving_times": {
    "noir": 8.96751172222,
    "gnark": 78.93963883216
  },
  "gas_costs": {
    "noir": 2396575,
    "gnark": 407664
  },
  "raw_data": {
    "noir": {
      "proving_times": [8.96406875222,9.02219033722,8.97237182122,8.94668131622,8.922178667219999,8.93632337922,9.005160198219999,9.03037689422,8.92840706522,8.94735879122],
      "gas_costs": [2396568,2396547,2396568,2396613,2396568,2396568,2396568,2396590,2396569,2396591]
    },
    "gnark": {
      "proving_times": [79.01238677146,79.38358730546,78.53598571346001,79.00190161146,78.86480293246,79.46630146146,78.85132728346,78.73068301546,79.05837748846,78.49103473846],
      "gas_costs": [407657,407657,407702,407657,407657,407657,407679,407658,407680,407636]
    }
  }
}
