{
  "instance_type": "c7i.2xlarge",
  "cpu_cores": 8,
  "memory_gb": 15,
  "timestamp": "2025-08-14T00:00:02Z",
  "proving_times": {
    "snarkjs": 63.54472173386,
    "rapidsnark": 37.947481827880004,
    "noir": 1.5947927849599999,
    "gnark": 7.109451845820002
  },
  "gas_costs": {
    "snarkjs": 258627,
    "rapidsnark": 258627,
    "noir": 2388353,
    "gnark": 350286
  },
  "raw_data": {
    "snarkjs": {
      "proving_times": [64.05913574086,66.22794704986,64.17320673186,62.76312073186,63.51837883386,62.76657766786,62.791918043859994,62.77850352886,62.91644637586,63.45198263386],
      "gas_costs": [258620,258620,258665,258620,258620,258620,258642,258621,258643,258599]
    },
    "rapidsnark": {
      "proving_times": [38.01068867778,38.25744248778,37.76646285278,38.13837559678,37.60946102778,37.810714313780004,37.77098249478,37.86858674478,37.89599813378,38.34610594878],
      "gas_costs": [258620,258620,258665,258620,258620,258620,258642,258621,258643,258599]
    },
    "noir": {
      "proving_times": [1.5823514546600002,1.59641878966,1.6047103626600001,1.5623950076600002,1.60980113766,1.6834685076600002,1.5810529016600001,1.5807333756600002,1.57747848766,1.5695178246600001],
      "gas_costs": [2388346,2388325,2388346,2388391,2388346,2388346,2388346,2388368,2388347,2388369]
    },
    "gnark": {
      "proving_times": [7.11544584602,7.10084334502,7.1300926570200005,7.103148514020001,7.10792108802,7.11339829102,7.09835156202,7.09729768902,7.11942762702,7.108591839020001],
      "gas_costs": [350279,350279,350324,350279,350279,350279,350301,350280,350302,350258]
    }
  }
}
