{
  "instance_type": "t4g.medium",
  "cpu_cores": 2,
  "memory_gb": 3,
  "timestamp": "2025-08-14T00:00:25Z",
  "proving_times": {
    "noir": 8.99576536612,
    "gnark": 79.35885700973999
  },
  "gas_costs": {
    "noir": 2388353,
    "gnark": 350286
  },
  "raw_data": {
    "noir": {
      "proving_times": [9.231513535420001,8.89556192442,9.46019312742,8.85707060242,8.87248280042,9.14824973642,8.86741908742,8.887026483420001,8.877784295420001,8.860352068420001],
      "gas_costs": [2388346,2388325,2388346,2388391,2388346,2388346,2388346,2388368,2388347,2388369]
    },
    "gnark": {
      "proving_times": [79.62962559104,79.02947425203999,79.26480732504,79.42210274204,78.72821097603999,79.24564881703999,80.17240510703999,79.22706323403999,79.49518148103999,79.37405057203999],
      "gas_costs": [350279,350279,350324,350279,350279,350279,350301,350280,350302,350258]
    }
  }
}
